{
    "validation_rmse": 1.463470614804652,
    "kernel_scales": {
        "avg_elevation": 3.3228767677994124,
        "latlon_year": 2.894566158848995,
        "pct_wooded": 1.6390418659966985,
        "rel_humidity": 1.1062698017618864,
        "lai_hv": 1.0597841544309758,
        "age": 0.7469959615075793,
        "lai_lv": 0.19896927436708786,
        "roe_deer": 0.09081059607090566,
        "chinese_water_deer": 0.050705821519705076,
        "bank_voles_deer": 0.025248151102665175,
        "t2m": 0.01616650945497114,
        "wood_mice_deer": 0.008901620062067465,
        "red_deer": 0.004601971452561242,
        "tp": 0.002306306500032831,
        "tick_pred": 0.0011574993132732235,
        "spec_humidity": 0.00035597224103974586,
        "src": 0.00014933917050134204,
        "sp": 0.00014577349371926008
    }
}