{
    "validation_rmse": 1.5377454100819339,
    "kernel_scales": {
        "rel_humidity": 0.8032651680067142,
        "red_deer": 0.7233878159825171,
        "latlon_year": 0.6206700507169715,
        "wood_mice_deer": 0.5805468117559397,
        "pct_wooded": 0.46924567872324296,
        "src": 0.13753420400756297,
        "roe_deer": 0.07528187332614755,
        "age": 0.038978070110815395,
        "chinese_water_deer": 0.03240983773885412,
        "bank_voles_deer": 0.015734713389783408,
        "tick_pred": 7.99492647864965e-05,
        "avg_elevation": 1.0070353786543547e-05,
        "spec_humidity": 7.624102439025366e-06,
        "t2m": 4.3857213773203616e-06,
        "sp": 3.626086464235527e-06,
        "lai_lv": 2.529154831219936e-06,
        "tp": 2.497645261618567e-06,
        "blackbird_deer": 9.097360320331828e-07,
        "lai_hv": 7.016345697178111e-07
    }
}