{
    "kernel_scales": {
        "pct_wooded": 6.649654487947049,
        "avg_elevation": 6.577431329064406,
        "age": 5.411869634122279,
        "lai_hv": 3.2311981403941266,
        "chinese_water_deer": 1.4021153850423795,
        "rel_humidity": 0.9619097501406533,
        "latlon_year": 0.7292161838204446,
        "t2m": 0.3844828662355461,
        "spec_humidity": 0.05706677752412258,
        "sp": 0.012066567532605455,
        "lai_lv": 0.007081768146656495,
        "tick_pred": 5.629563043350165e-05,
        "src": 3.091771967792869e-05,
        "bank_voles_deer": 2.870330969770856e-05,
        "tp": 3.5161435175160102e-06,
        "wood_mice_deer": 3.2370522628801944e-06,
        "red_deer": 5.7768075453137034e-09,
        "roe_deer": 6.0036834285106875e-12
    }
}