{
    "validation_rmse": 1.4035475574528162,
    "kernel_scales": {
        "lai_hv": 2.9131747813879474,
        "avg_elevation": 1.7634682864156421,
        "pct_wooded": 1.753162076449702,
        "roe_deer": 0.9689579862802004,
        "rel_humidity": 0.9259279659228071,
        "latlon_year": 0.7413946311263697,
        "age": 0.6358870062092046,
        "chinese_water_deer": 0.6326556677259422,
        "t2m": 0.2459342354036354,
        "lai_lv": 0.02121811636008623,
        "wood_mice_deer": 0.01974262029599478,
        "tick_pred": 0.006856947201807538,
        "bank_voles_deer": 0.0008457255882255678,
        "tp": 0.00013517864041774836,
        "src": 7.84292043196612e-05,
        "sp": 7.174630236913616e-05,
        "spec_humidity": 8.342908880675125e-06,
        "red_deer": 6.8274106095436155e-06
    }
}