{
    "validation_rmse": 1.4814462178362746,
    "kernel_scales": {
        "avg_elevation": 5.313616730153491,
        "latlon_year": 4.60299512676229,
        "roe_deer": 3.9284289053855592,
        "pct_wooded": 3.5851268369648275,
        "rel_humidity": 1.2965739470593636,
        "chinese_water_deer": 0.9335242921515411,
        "age": 0.28191288420128424,
        "tick_pred": 0.20529766539906827,
        "lai_lv": 0.12487217919842139,
        "bank_voles_deer": 0.10804818537857447,
        "t2m": 0.05941633380489072,
        "red_deer": 0.05050696603690453,
        "wood_mice_deer": 0.01490768143819074,
        "tp": 0.0025353956381366127,
        "lai_hv": 0.000693445471238979,
        "spec_humidity": 0.0003408444626742892,
        "sp": 0.00019163989784705561,
        "src": 0.00018479546918103123
    }
}