{
    "validation_rmse": 1.5239759582132102,
    "kernel_scales": {
        "lai_hv": 3.0923446081341095,
        "tick_pred": 2.910915249163206,
        "avg_elevation": 2.200258910152268,
        "pct_wooded": 2.1244375781013516,
        "t2m": 1.3674290515651228,
        "chinese_water_deer": 0.9732996675045639,
        "latlon_year": 0.7744823348486566,
        "rel_humidity": 0.7061892584770149,
        "roe_deer": 0.5947287529796464,
        "age": 0.3394741966452413,
        "src": 0.19734656488546531,
        "sp": 0.1517715570610834,
        "lai_lv": 0.051688815674503875,
        "tp": 0.034015144318485256,
        "spec_humidity": 0.025819798978957514,
        "wood_mice_deer": 4.593452414716975e-05,
        "bank_voles_deer": 2.302454317766861e-05,
        "red_deer": 7.873845087139723e-08
    }
}