{
    "validation_rmse": 1.4522034189049016,
    "kernel_scales": {
        "red_deer": 1.4266120034196075,
        "wood_mice_deer": 1.3510105291749468,
        "pct_wooded": 1.0391960296122091,
        "src": 0.7710447932325102,
        "latlon_year": 0.6099908287442104,
        "sp": 0.42904156850705333,
        "roe_deer": 0.15300354907750513,
        "avg_elevation": 0.030986169924754687,
        "age": 0.03081078933016575,
        "bank_voles_deer": 0.024485008420162928,
        "spec_humidity": 0.0234184356320958,
        "chinese_water_deer": 0.004702422170803431,
        "tick_pred": 0.00028898265086523103,
        "rel_humidity": 1.2119879655213693e-05,
        "blackbird_deer": 9.719078016606194e-06,
        "t2m": 7.12627377905183e-06,
        "lai_lv": 6.007229404224159e-06,
        "tp": 2.327908281938032e-06,
        "lai_hv": 6.118592951790607e-07
    }
}