{
    "validation_rmse": 1.406373878423682,
    "kernel_scales": {
        "latlon_year": 4.948746863659303,
        "pct_wooded": 3.0856291951043837,
        "avg_elevation": 2.9875001767637563,
        "rel_humidity": 1.317214098682908,
        "age": 0.8025760146013915,
        "roe_deer": 0.6961199501309474,
        "tick_pred": 0.4473157377994617,
        "t2m": 0.11441383451170194,
        "lai_lv": 0.021680162121687836,
        "sp": 0.01689145106020924,
        "chinese_water_deer": 0.006691726274916954,
        "spec_humidity": 0.0026516356030045676,
        "lai_hv": 0.0012565181166861448,
        "src": 0.0003366860679122175,
        "bank_voles_deer": 0.0001485035544350403,
        "wood_mice_deer": 1.9364158517453476e-05,
        "tp": 1.6020093113962073e-05,
        "red_deer": 8.991857254068042e-07
    }
}