{
    "validation_rmse": 1.6236415652046066,
    "kernel_scales": {
        "src": 0.9255314202309808,
        "wood_mice_deer": 0.8408224945387913,
        "red_deer": 0.7103607336473594,
        "pct_wooded": 0.7092906867814606,
        "latlon_year": 0.6587991406554402,
        "age": 0.11326207114582397,
        "bank_voles_deer": 0.08683429068180071,
        "roe_deer": 0.08628579962527458,
        "blackbird_deer": 0.08545174341622344,
        "avg_elevation": 0.035318305870986694,
        "sp": 0.03421192399274937,
        "spec_humidity": 0.01986286202517894,
        "chinese_water_deer": 0.006337248624244734,
        "rel_humidity": 0.00010262395629654652,
        "tick_pred": 7.144867853471981e-05,
        "t2m": 7.306452440334685e-06,
        "lai_lv": 2.3809280903268687e-06,
        "tp": 2.3465941126147743e-06,
        "lai_hv": 7.658173774736948e-07
    }
}